<?xml version="1.0" encoding="UTF-8"?>
<project-private xmlns="http://www.netbeans.org/ns/project-private/1">
    <editor-bookmarks xmlns="http://www.netbeans.org/ns/editor-bookmarks/2" lastBookmarkId="0"/>
    <open-files xmlns="http://www.netbeans.org/ns/projectui-open-files/2">
        <group>
            <file>file:/C:/Users/jlgut/Documents/ITAM/Programacion/EDA/Java/EjerciciosYTareas/src/Tareas/ord.java</file>
            <file>file:/C:/Users/jlgut/Documents/ITAM/Programacion/EDA/Java/EjerciciosYTareas/src/Tree/Prefix/Trie.java</file>
            <file>file:/C:/Users/jlgut/Documents/ITAM/Programacion/EDA/Java/EjerciciosYTareas/src/Tareas/Censo.java</file>
            <file>file:/C:/Users/jlgut/Documents/ITAM/Programacion/EDA/Java/EjerciciosYTareas/src/Hash/HashNode.java</file>
            <file>file:/C:/Users/jlgut/Documents/ITAM/Programacion/EDA/Java/EjerciciosYTareas/src/Hash/HashTable.java</file>
            <file>file:/C:/Users/jlgut/Documents/ITAM/Programacion/EDA/Java/EjerciciosYTareas/src/Tree/Prefix/NodoTrie.java</file>
            <file>file:/C:/Users/jlgut/Documents/ITAM/Programacion/EDA/Java/EjerciciosYTareas/src/Tree/Prefix/PruebaTrie.java</file>
        </group>
    </open-files>
</project-private>
